{
  "h1_mean_wave_excess": 1.3681227106227105,
  "h2_pearson": -0.2073124923230823,
  "h3_joint_win_rate_vs_baseline": 0.034722222222222224,
  "h3_joint_win_rate_vs_axis": 0.19444444444444445
}