{
  "alpha": 0.010675492615774418,
  "beta": -0.014382165227589791,
  "gamma": 0.10273472985101718,
  "delta": 0.2685015610560015,
  "achieved_r": -0.581879631943592,
  "before_r": 0.15596119831343389
}